Region,Departements,Code commune,Commune,Population selon le departement,Prix au m moyen en euro,nombre de redevables 2017,nombre de redevables en 2016,nombre de redevables en 2015,patrimoine moyen en euro en 2017,patrimoine moyen en euro en 2016,patrimoine moyen en euro en 2015,impot moyen en euro en 2017,impot moyen en euro en 2016,impot moyen en euro en 2015
AUVERGNE-RHONE-ALPES,AIN,01 053,BOURG-EN-BRESSE,653688,2164,157,168,161,2261155,2245649,2180490,8297,8327,7894
AUVERGNE-RHONE-ALPES,AIN,01 283,OYONNAX,653688,2164,88,89,91,3236170,3179724,2994693,12078,11547,11459
AUVERGNE-RHONE-ALPES,ALLIER,03 185,MONTLUCON,333065,1028,111,116,113,2591793,2607049,2592185,9721,9145,8478
AUVERGNE-RHONE-ALPES,ALLIER,03 310,VICHY,333065,1028,177,171,166,2369664,2417506,2472993,7316,8617,9345
AUVERGNE-RHONE-ALPES,CANTAL,15 014,AURILLAC,143627,1183,118,117,106,2606677,2558611,2565042,9251,9370,11263
AUVERGNE-RHONE-ALPES,DROME,26 198,MONTELIMAR,517414,1600,170,162,156,2694564,2606073,2486586,10374,10228,8297
AUVERGNE-RHONE-ALPES,DROME,26 281,ROMANS,517414,1600,100,98,95,2330674,2344238,2352834,7176,7254,7450
AUVERGNE-RHONE-ALPES,DROME,26 362,VALENCE,517414,1600,260,255,251,2749326,2729147,2668556,10698,10459,9622
AUVERGNE-RHONE-ALPES,HAUTE-SAVOIE,74 010,ANNECY,829017,3853,1196,530,513,2424021,2339880,2299792,8938,8433,8108
AUVERGNE-RHONE-ALPES,HAUTE-SAVOIE,74 012,ANNEMASSE,829017,3853,113,112,110,2184705,2120585,2132723,7509,6895,7186
AUVERGNE-RHONE-ALPES,HAUTE-SAVOIE,74 281,THONON-LES-BAINS,829017,3853,245,229,217,2528043,2534940,2529288,11240,10836,12007
AUVERGNE-RHONE-ALPES,ISERE,38 053,BOURGOIN JALLIEU,1262108,2145,86,86,86,2538748,2481411,2506467,9754,9656,10409
AUVERGNE-RHONE-ALPES,ISERE,38 185,GRENOBLE,1262108,2145,709,711,694,2523982,2533316,2557601,9452,9807,9616
AUVERGNE-RHONE-ALPES,ISERE,38 544,VIENNE,1262108,2145,146,150,143,2378705,2380179,2286093,8218,8948,8189
AUVERGNE-RHONE-ALPES,ISERE,38 563,VOIRON,1262108,2145,108,107,101,2789975,2687110,2651061,12176,11755,11183
AUVERGNE-RHONE-ALPES,LOIRE,42 187,ROANNE,762222,1140,108,109,108,2408761,2430263,2452448,9623,8706,9507
AUVERGNE-RHONE-ALPES,LOIRE,42 207,SAINT CHAMOND,762222,1140,72,73,76,2679118,2534400,2369010,9681,9057,8983
AUVERGNE-RHONE-ALPES,LOIRE,42 218,SAINT ETIENNE,762222,1140,471,486,486,2544960,2485536,2496941,9989,9624,9841
AUVERGNE-RHONE-ALPES,PUY-DE-DOME,63 113,CLERMONT-FERRAND,656643,1677,484,485,487,2503563,2505935,2524350,10260,11023,10207
AUVERGNE-RHONE-ALPES,RHONE,69 029,BRON,1882339,3629,172,165,162,2431917,2441264,2428632,8984,8939,9311
AUVERGNE-RHONE-ALPES,RHONE,69 034,CALUIRE ET CUIRE,1882339,3629,563,564,541,2796882,2663514,2651376,9611,9267,9493
AUVERGNE-RHONE-ALPES,RHONE,69 275,DECINES-CHARPIEU,1882339,3629,55,54,51,2104158,2128108,2251365,6289,6764,8457
AUVERGNE-RHONE-ALPES,RHONE,69 123,LYON,1882339,3629,4718,4636,4472,2740466,2724196,2723545,10415,10373,10622
AUVERGNE-RHONE-ALPES,RHONE,69 282,MEYZIEU,1882339,3629,95,95,93,2835529,2825270,2745163,11687,12430,10954
AUVERGNE-RHONE-ALPES,RHONE,69 149,OULLINS,1882339,3629,71,67,63,2197514,2119503,2195560,8058,6979,7672
AUVERGNE-RHONE-ALPES,RHONE,69 286,RILLIEUX LA PAPE,1882339,3629,105,107,101,2458141,2509216,2558410,10357,9784,10514
AUVERGNE-RHONE-ALPES,RHONE,69 204,SAINT-GENIS-LAVAL,1882339,3629,182,169,179,2416434,2354726,2336543,8116,8163,8354
AUVERGNE-RHONE-ALPES,RHONE,69 290,SAINT-PRIEST,1882339,3629,81,83,77,2844559,2845309,2783118,10884,11041,9708
AUVERGNE-RHONE-ALPES,RHONE,69 202,STE FOY LES LYON,1882339,3629,411,405,392,2882466,2840619,2820984,11611,11787,11591
AUVERGNE-RHONE-ALPES,RHONE,69 244,TASSIN-LA-DEMI-LUNE,1882339,3629,269,264,243,2654925,2555207,2553555,9474,9187,9415
AUVERGNE-RHONE-ALPES,RHONE,69 264,VILLEFRANCHE-SUR-SAONE,1882339,3629,107,102,103,2320604,2353653,2356899,8760,9017,9022
AUVERGNE-RHONE-ALPES,RHONE,69 266,VILLEURBANNE,1882339,3629,274,275,283,2211022,2183028,2181989,6861,6751,6838
AUVERGNE-RHONE-ALPES,SAVOIE,73 008,AIX LES BAINS,432716,3461,247,251,210,2207023,2138276,2118911,7418,7083,7123
AUVERGNE-RHONE-ALPES,SAVOIE,73 065,CHAMBERY,432716,3461,346,337,325,2659881,2665494,2603904,10021,11234,10809
BOURGOGNE-FRANCHE-COMTE,COTE-D'OR,21 054,BEAUNE,532901,1885,159,158,145,2813839,2756461,2799754,9954,10330,10414
BOURGOGNE-FRANCHE-COMTE,COTE-D'OR,21 231,DIJON,532901,1885,705,689,686,2742773,2653959,2619708,10163,8979,8715
BOURGOGNE-FRANCHE-COMTE,DOUBS,25 056,BESANCON,539465,1634,399,382,389,2549941,2536893,2506262,8757,8973,8867
BOURGOGNE-FRANCHE-COMTE,DOUBS,25 388,MONTBELIARD,539465,1634,58,59,59,2117787,2089349,2009917,7944,7781,7332
BOURGOGNE-FRANCHE-COMTE,JURA,39 198,DOLE,258624,1265,65,67,61,2397832,2329316,2384460,7094,6638,7226
BOURGOGNE-FRANCHE-COMTE,NIEVRE,58 194,NEVERS,201518,912,93,96,95,2697409,2645953,2582998,11477,11443,11075
BOURGOGNE-FRANCHE-COMTE,SAONE-ET-LOIRE,71 076,CHALON SUR SAONE,549763,1163,145,146,140,2482798,2413703,2416103,9369,9628,9486
BOURGOGNE-FRANCHE-COMTE,SAONE-ET-LOIRE,71 270,MACON,549763,1163,122,125,114,2699017,2697255,2714862,12991,12540,13330
BOURGOGNE-FRANCHE-COMTE,TERRITOIRE DE BELFORT,90 010,BELFORT,143104,1193,112,105,106,2809208,2829397,2792758,14028,12886,12386
BOURGOGNE-FRANCHE-COMTE,YONNE,89 024,AUXERRE,336532,1196,138,137,125,2423777,2371278,2386785,9957,9717,10292
BOURGOGNE-FRANCHE-COMTE,YONNE,89 387,SENS,336532,1196,104,107,106,2736683,2677229,2647292,10445,11901,9016
BRETAGNE,COTES-D'ARMOR,22 113,LANNION,596518,1654,80,78,83,2258484,2252860,2202852,8777,8678,8329
BRETAGNE,COTES-D'ARMOR,22 278,SAINT-BRIEUC,596518,1654,172,173,176,2409479,2431624,2354863,8785,8763,8301
BRETAGNE,FINISTERE,29 019,BREST,905238,1480,276,270,264,2706305,2768692,2797367,8949,8805,9667
BRETAGNE,FINISTERE,29 232,QUIMPER,905238,1480,223,218,207,2320167,2491748,2366071,6776,7639,6606
BRETAGNE,ILLE-ET-VILAINE,35 115,FOUGERES,1076330,2693,76,73,73,2312903,2312582,2272301,8259,8012,8176
BRETAGNE,ILLE-ET-VILAINE,35 238,RENNES,1076330,2693,1277,1253,1220,2757362,2716476,2658348,11073,11782,10736
BRETAGNE,ILLE-ET-VILAINE,35 288,SAINT MALO,1076330,2693,483,464,434,2663816,2658306,2505071,9443,9926,9444
BRETAGNE,MORBIHAN,56 121,LORIENT,751309,2241,151,155,145,2488651,2476453,2384774,8418,8826,8136
BRETAGNE,MORBIHAN,56 260,VANNES,751309,2241,462,462,458,2491242,2434946,2426263,8814,8433,9432
CENTRE-VAL DE LOIRE,CHER,18 033,BOURGES,300174,1100,249,256,247,2313939,2233136,2213796,8445,7185,7876
CENTRE-VAL DE LOIRE,EURE-ET-LOIR,28 085,CHARTRES,431437,1794,286,270,270,2509646,2496467,2466652,10285,10596,9771
CENTRE-VAL DE LOIRE,EURE-ET-LOIR,28 134,DREUX,431437,1794,63,69,65,2650964,2604332,2543588,13062,12572,11937
CENTRE-VAL DE LOIRE,INDRE,36 044,CHATEAUROUX,217312,989,145,139,141,2701742,2673397,2607358,11201,11642,11469
CENTRE-VAL DE LOIRE,INDRE-ET-LOIRE,37 122,JOUE LES TOURS,608387,2089,89,81,85,2406464,2438787,2388418,8812,9104,9307
CENTRE-VAL DE LOIRE,INDRE-ET-LOIRE,37 261,TOURS,608387,2089,691,691,686,2452452,2487805,2440973,9901,9876,9863
CENTRE-VAL DE LOIRE,LOIR-ET-CHER,41 018,BLOIS,330727,1391,166,162,162,2444366,2493587,2535596,9501,10766,11235
CENTRE-VAL DE LOIRE,LOIRET,45 232,OLIVET,678722,1653,194,197,187,2438391,2389267,2274223,10489,9550,8937
CENTRE-VAL DE LOIRE,LOIRET,45 234,ORLEANS,678722,1653,587,580,568,2439518,2359872,2315320,9728,9020,8884
CENTRE-VAL DE LOIRE,LOIRET,45 284,SAINT JEAN DE BRAYE,678722,1653,68,69,69,2109774,2562696,2423804,6982,13077,11563
CORSE,CORSE-DU-SUD,2A 004,AJACCIO,158800,3408,275,279,261,2762103,2708015,2653221,12167,12195,11350
CORSE,HAUTE-CORSE,2B 033,BASTIA,180378,2729,120,121,113,2501135,2436331,2576936,10707,10237,11445
GRAND-EST,ARDENNES,08 105,CHARLEVILLE MEZIERES,267409,960,128,129,133,2285146,2266680,2234332,8364,8462,7988
GRAND-EST,AUBE,10 387,TROYES,309117,1309,206,210,215,2909408,2847662,2823188,13247,14795,12436
GRAND-EST,BAS-RHIN,67 180,HAGUENAU,1126505,2516,157,148,150,2849602,2944575,2939466,10249,11752,13338
GRAND-EST,BAS-RHIN,67 218,ILLKIRCH GRAFFENSTADEN,1126505,2516,107,104,104,2171732,2231709,2251037,7297,7763,8366
GRAND-EST,BAS-RHIN,67 447,SCHILTIGHEIM,1126505,2516,71,68,69,2539596,2616168,2588457,9870,10566,10954
GRAND-EST,BAS-RHIN,67 482,STRASBOURG,1126505,2516,1862,1834,1786,3273344,3153764,3200911,13247,13400,13174
GRAND-EST,HAUT-RHIN,68 066,COLMAR,761480,1614,311,299,288,2775376,2733278,2623236,12232,11985,10604
GRAND-EST,HAUT-RHIN,68 224,MULHOUSE,761480,1614,367,358,353,2877950,2898488,2871665,12184,13356,11964
GRAND-EST,HAUT-RHIN,68 297,SAINT-LOUIS,761480,1614,82,80,72,2628951,2660285,2633618,11125,10998,11571
GRAND-EST,HAUTE-MARNE,52 448,SAINT-DIZIER,173041,965,54,55,54,3574163,3470640,3460378,10334,26437,10741
GRAND-EST,MARNE,51 108,CHALONS EN CHAMPAGNE,567225,1781,121,125,127,2350793,2390482,2311212,8740,9690,8619
GRAND-EST,MARNE,51 230,EPERNAY,567225,1781,91,96,101,2825229,2737608,2591556,11316,11280,10146
GRAND-EST,MARNE,51 454,REIMS,567225,1781,823,794,784,2638416,2582205,2578058,10273,10073,10209
GRAND-EST,MEURTHE-ET-MOSELLE,54 395,NANCY,731753,1513,670,673,658,2758052,2676284,2661338,11831,11526,11416
GRAND-EST,MEURTHE-ET-MOSELLE,54 547,VANDOEUVRE LES NANCY,731753,1513,68,66,68,2324338,2337432,2344328,8064,8736,8088
GRAND-EST,MOSELLE,57 463,METZ,1036153,1532,404,401,412,2799108,2764331,2731864,12016,11230,11078
GRAND-EST,MOSELLE,57 480,MONTIGNY LES METZ,1036153,1532,107,112,111,2489913,2366093,2431736,11003,8553,10064
GRAND-EST,MOSELLE,57 631,SARREGUEMINES,1036153,1532,68,70,71,2699775,2690952,2610884,9853,9274,9295
GRAND-EST,MOSELLE,57 672,THIONVILLE,1036153,1532,227,217,211,2621327,2653581,2595951,10470,11350,11267
GRAND-EST,VOSGES,88 160,EPINAL,361031,1047,123,121,111,2977968,2879407,3021095,12546,11827,14913
GUADELOUPE,GUADELOUPE,97113,LE GOSIER,382704,2252,101,95,87,2603757,2516105,2566150,10851,9839,10318
LES-HAUTS-DE-FRANCE,AISNE,02 408,LAON,528016,1141,64,67,66,2364416,2329849,2309093,7868,7503,7498
LES-HAUTS-DE-FRANCE,AISNE,02 691,SAINT QUENTIN,528016,1141,156,150,154,2635912,2663028,2508229,12004,11982,10559
LES-HAUTS-DE-FRANCE,AISNE,02 722,SOISSONS,528016,1141,165,162,170,2525140,2523701,2488804,11432,11295,11234
LES-HAUTS-DE-FRANCE,NORD,59 122,CAMBRAI,2592185,2174,156,160,159,2667042,2577083,2539302,8898,8480,8571
LES-HAUTS-DE-FRANCE,NORD,59 163,CROIX,2592185,2174,284,285,272,4230316,4394221,3933579,18017,18392,16511
LES-HAUTS-DE-FRANCE,NORD,59 178,DOUAI,2592185,2174,148,151,149,2458772,2445163,2442883,9626,9115,9226
LES-HAUTS-DE-FRANCE,NORD,59 183,DUNKERQUE,2592185,2174,263,245,245,2360639,2392783,2268455,8222,8919,8093
LES-HAUTS-DE-FRANCE,NORD,59 279,HALLUIN,2592185,2174,53,52,53,2343109,2395996,2328192,8025,8788,8874
LES-HAUTS-DE-FRANCE,NORD,59 295,HAZEBROUCK,2592185,2174,100,97,94,2476886,2463506,2382985,10649,10608,9468
LES-HAUTS-DE-FRANCE,NORD,59 368,LA MADELEINE,2592185,2174,169,164,165,2806195,2738332,2731495,10995,10623,10600
LES-HAUTS-DE-FRANCE,NORD,59 328,LAMBERSART,2592185,2174,264,255,242,2723507,2792367,2715184,11483,10363,10756
LES-HAUTS-DE-FRANCE,NORD,59 350,LILLE,2592185,2174,973,945,892,2705935,2638451,2637448,10728,10463,10568
LES-HAUTS-DE-FRANCE,NORD,59 378,MARCQ EN BAROEUL,2592185,2174,815,835,799,3379017,3209824,3123905,14382,14526,13498
LES-HAUTS-DE-FRANCE,NORD,59 512,ROUBAIX,2592185,2174,137,140,145,3123752,3025683,3056288,14017,12151,14195
LES-HAUTS-DE-FRANCE,NORD,59 599,TOURCOING,2592185,2174,117,128,132,2212724,2256019,2244306,7711,7984,8490
LES-HAUTS-DE-FRANCE,NORD,59 606,VALENCIENNES,2592185,2174,188,186,195,2364520,2322563,2205524,9104,8482,8254
LES-HAUTS-DE-FRANCE,NORD,59 009,VILLENEUVE D'ASCQ,2592185,2174,379,381,378,3471024,3238985,3158370,15651,12679,13878
LES-HAUTS-DE-FRANCE,NORD,59 646,WASQUEHAL,2592185,2174,234,227,213,3181588,3018101,2967861,13831,13371,13438
LES-HAUTS-DE-FRANCE,OISE,60 057,BEAUVAIS,825207,1964,168,162,165,2818031,2630474,2738972,11533,11077,10785
LES-HAUTS-DE-FRANCE,OISE,60 159,COMPIEGNE,825207,1964,340,330,322,2769533,2830521,2810282,10912,11092,12342
LES-HAUTS-DE-FRANCE,PAS-DE-CALAIS,62 041,ARRAS,1463196,1787,178,183,187,2370878,2603086,2588671,8108,10134,10081
LES-HAUTS-DE-FRANCE,PAS-DE-CALAIS,62 119,BETHUNE,1463196,1787,107,102,101,2591497,2456456,2334426,11518,9535,8220
LES-HAUTS-DE-FRANCE,PAS-DE-CALAIS,62 160,BOULOGNE SUR MER,1463196,1787,73,78,78,2437449,2373972,2350814,9229,9029,8971
LES-HAUTS-DE-FRANCE,PAS-DE-CALAIS,62 193,CALAIS,1463196,1787,92,100,100,2477918,2452147,2436692,10303,9505,9663
LES-HAUTS-DE-FRANCE,PAS-DE-CALAIS,62 498,LENS,1463196,1787,60,62,63,2617825,2649561,2498868,10540,11441,9699
LES-HAUTS-DE-FRANCE,SOMME,80 001,ABBEVILLE,569662,2014,72,71,68,2594570,2462746,2443982,7555,8005,9557
LES-HAUTS-DE-FRANCE,SOMME,80 021,AMIENS,569662,2014,512,504,505,2774534,2606489,2586486,11065,10155,9718
ILE-DE-FRANCE,ESSONNE,91 027,ATHIS MONS,1314827,2925,73,72,65,2441131,2481540,2522030,10964,11392,12294
ILE-DE-FRANCE,ESSONNE,91 103,BRETIGNY SUR ORGE,1314827,2925,51,51,51,2307521,2286168,2344526,9127,8494,8624
ILE-DE-FRANCE,ESSONNE,91 114,BRUNOY,1314827,2925,166,169,168,2401319,2303645,2384062,9882,8926,9135
ILE-DE-FRANCE,ESSONNE,91 174,CORBEIL ESSONNES,1314827,2925,53,55,62,2803198,2752888,2668807,10127,11076,11295
ILE-DE-FRANCE,ESSONNE,91 201,DRAVEIL,1314827,2925,128,123,132,2474554,2543196,2482524,8964,9451,11354
ILE-DE-FRANCE,ESSONNE,91 223,ETAMPES,1314827,2925,66,66,64,2533716,2541817,2470683,10541,11279,10591
ILE-DE-FRANCE,ESSONNE,91 272,GIF SUR YVETTE,1314827,2925,385,379,361,2243196,2236314,2266502,7135,7378,7388
ILE-DE-FRANCE,ESSONNE,91 345,LONGJUMEAU,1314827,2925,51,51,54,3033181,2910318,2333671,15381,18979,10393
ILE-DE-FRANCE,ESSONNE,91 377,MASSY,1314827,2925,102,98,93,2142458,2155211,2058246,7697,7234,7301
ILE-DE-FRANCE,ESSONNE,91 421,MONTGERON,1314827,2925,162,158,156,2462693,2387544,2379212,8093,7517,7948
ILE-DE-FRANCE,ESSONNE,91 434,MORSANG SUR ORGE,1314827,2925,75,80,78,2431240,2371906,2412153,9341,9429,9871
ILE-DE-FRANCE,ESSONNE,91 477,PALAISEAU,1314827,2925,249,245,227,3663182,3512127,3653336,10959,11321,11616
ILE-DE-FRANCE,ESSONNE,91 589,SAVIGNY SUR ORGE,1314827,2925,124,131,129,2138970,1922290,2081204,7490,5617,6318
ILE-DE-FRANCE,ESSONNE,91 549,STE GENEVIEVE DES BOIS,1314827,2925,154,155,146,2385924,2122462,2231196,8417,7183,7201
ILE-DE-FRANCE,ESSONNE,91 687,VIRY CHATILLON,1314827,2925,64,68,65,1983768,2311636,1976559,5987,7552,6034
ILE-DE-FRANCE,ESSONNE,91 691,YERRES,1314827,2925,131,126,130,2243349,1936016,2162765,7905,5886,7269
ILE-DE-FRANCE,HAUTS-DE-SEINE,92 002,ANTONY,1606088,6696,860,851,828,2307096,2221831,2242501,8082,8390,7726
ILE-DE-FRANCE,HAUTS-DE-SEINE,92 004,ASNIERES,1606088,6696,807,794,791,2502598,2261945,2400204,9209,7948,8671
ILE-DE-FRANCE,HAUTS-DE-SEINE,92 007,BAGNEUX,1606088,6696,69,70,68,2059583,2429213,2101211,6275,8945,6910
ILE-DE-FRANCE,HAUTS-DE-SEINE,92 009,BOIS-COLOMBES,1606088,6696,354,346,343,2387518,2065817,2192812,8154,6529,7477
ILE-DE-FRANCE,HAUTS-DE-SEINE,92 012,BOULOGNE BILLANCOURT,1606088,6696,3914,3819,3716,2954863,2297672,2851989,12731,7595,12125
ILE-DE-FRANCE,HAUTS-DE-SEINE,92 014,BOURG LA REINE,1606088,6696,483,477,453,2622848,2872527,2568296,9392,12286,10330
ILE-DE-FRANCE,HAUTS-DE-SEINE,92 019,CHATENAY MALABRY,1606088,6696,317,313,295,2618242,2649597,2442846,10802,10178,9487
ILE-DE-FRANCE,HAUTS-DE-SEINE,92 020,CHATILLON,1606088,6696,261,255,250,2395131,2510442,2309292,8330,10009,8004
ILE-DE-FRANCE,HAUTS-DE-SEINE,92 023,CLAMART,1606088,6696,701,695,658,2600416,2342674,2484709,9811,8810,9703
ILE-DE-FRANCE,HAUTS-DE-SEINE,92 024,CLICHY,1606088,6696,131,121,116,2263898,2485311,2340911,8517,9620,8201
ILE-DE-FRANCE,HAUTS-DE-SEINE,92 025,COLOMBES,1606088,6696,463,447,442,2470270,2268437,2275053,10353,8618,8001
ILE-DE-FRANCE,HAUTS-DE-SEINE,92 026,COURBEVOIE,1606088,6696,1137,1086,1055,2361265,2392688,2305869,9045,8810,8169
ILE-DE-FRANCE,HAUTS-DE-SEINE,92 032,FONTENAY AUX ROSES,1606088,6696,281,284,268,2136306,2276127,2111889,6936,8299,6936
ILE-DE-FRANCE,HAUTS-DE-SEINE,92 040,ISSY LES MOULINEAUX,1606088,6696,911,880,854,2484814,2085775,2311418,8867,6902,8365
ILE-DE-FRANCE,HAUTS-DE-SEINE,92 035,LA GARENNE COLOMBES,1606088,6696,353,336,305,2427495,2345889,2326104,9211,8179,9039
ILE-DE-FRANCE,HAUTS-DE-SEINE,92 060,LE PLESSIS ROBINSON,1606088,6696,203,188,191,2316036,2369370,2136295,8535,8709,7625
ILE-DE-FRANCE,HAUTS-DE-SEINE,92 044,LEVALLOIS-PERRET,1606088,6696,1374,1353,1315,3105437,2230373,2925743,10956,8319,10378
ILE-DE-FRANCE,HAUTS-DE-SEINE,92 046,MALAKOFF,1606088,6696,161,152,151,2391552,3077782,2326632,8445,11546,8323
ILE-DE-FRANCE,HAUTS-DE-SEINE,92 048,MEUDON,1606088,6696,1015,1002,968,2710995,2386671,2589589,10517,8389,10034
ILE-DE-FRANCE,HAUTS-DE-SEINE,92 049,MONTROUGE,1606088,6696,454,433,405,2558496,2587320,2569193,10532,9911,11711
ILE-DE-FRANCE,HAUTS-DE-SEINE,92 050,NANTERRE,1606088,6696,263,254,251,2154642,2535795,2174986,6608,10309,7561
ILE-DE-FRANCE,HAUTS-DE-SEINE,92 051,NEUILLY SUR SEINE,1606088,6696,5834,5887,5859,6026825,2202309,5273023,27701,7407,21563
ILE-DE-FRANCE,HAUTS-DE-SEINE,92 062,PUTEAUX,1606088,6696,371,358,358,2446901,5443798,2324767,8671,22562,8467
ILE-DE-FRANCE,HAUTS-DE-SEINE,92 063,RUEIL MALMAISON,1606088,6696,1638,1621,1559,2648842,2449517,2552207,9940,9415,9408
ILE-DE-FRANCE,HAUTS-DE-SEINE,92 064,SAINT CLOUD,1606088,6696,1358,1379,1358,3272585,2603951,3233460,14975,9527,14682
ILE-DE-FRANCE,HAUTS-DE-SEINE,92 072,SEVRES,1606088,6696,662,778,645,2742750,3314162,2615549,10828,14810,10549
ILE-DE-FRANCE,HAUTS-DE-SEINE,92 073,SURESNES,1606088,6696,643,649,592,2600892,2777639,2538228,10454,11508,10034
ILE-DE-FRANCE,HAUTS-DE-SEINE,92 075,VANVES,1606088,6696,383,620,363,2369636,2672203,2368427,8747,10019,8655
ILE-DE-FRANCE,PARIS,75 101,PARIS,2140526,10175,833,369,783,3587881,2568228,3550904,19208,10017,17554
ILE-DE-FRANCE,PARIS,75 102,PARIS,2140526,10175,562,791,509,2720931,2348603,2609720,10911,7993,9478
ILE-DE-FRANCE,PARIS,75 103,PARIS,2140526,10175,1250,537,1159,3249056,3566141,3122041,14927,17688,13674
ILE-DE-FRANCE,PARIS,75 104,PARIS,2140526,10175,1333,1183,1259,3731819,2694319,3598911,18510,10296,16433
ILE-DE-FRANCE,PARIS,75 105,PARIS,2140526,10175,2720,1292,2637,3057294,3185017,2914535,13114,14277,12783
ILE-DE-FRANCE,PARIS,75 106,PARIS,2140526,10175,4004,2718,3923,4576866,3672134,4202230,23029,17649,21484
ILE-DE-FRANCE,PARIS,75 107,PARIS,2140526,10175,5795,3968,5757,5749206,2917483,5296113,28387,12766,27178
ILE-DE-FRANCE,PARIS,75 108,PARIS,2140526,10175,3148,5778,3129,4445890,4518114,4147053,21425,22349,21691
ILE-DE-FRANCE,PARIS,75 109,PARIS,2140526,10175,1977,3141,1829,2873778,5443403,2769556,11913,28041,11363
ILE-DE-FRANCE,PARIS,75 110,PARIS,2140526,10175,1149,1907,1036,2673428,4163900,2374462,11640,21069,9264
ILE-DE-FRANCE,PARIS,75 111,PARIS,2140526,10175,2275,1094,2153,2626143,2800253,2610053,10160,11346,10118
ILE-DE-FRANCE,PARIS,75 112,PARIS,2140526,10175,2495,2227,2397,2514481,2441074,2409164,9744,9596,9333
ILE-DE-FRANCE,PARIS,75 113,PARIS,2140526,10175,2204,2439,2090,2600513,2617886,2484723,10143,10743,9973
ILE-DE-FRANCE,PARIS,75 114,PARIS,2140526,10175,3564,2178,3390,3006125,2451684,2930329,12330,9377,12191
ILE-DE-FRANCE,PARIS,75 115,PARIS,2140526,10175,6998,3488,6768,2751738,2538539,2657654,11532,9997,11064
ILE-DE-FRANCE,PARIS,75 116,PARIS,2140526,10175,14361,6892,14369,4469350,3061294,4194198,21972,12954,21473
ILE-DE-FRANCE,PARIS,75 117,PARIS,2140526,10175,6340,14346,6189,3340379,2705908,3102863,14743,11362,13655
ILE-DE-FRANCE,PARIS,75 118,PARIS,2140526,10175,1663,6358,1513,2910352,4341594,2814132,12528,21953,12414
ILE-DE-FRANCE,PARIS,75 119,PARIS,2140526,10175,1134,1602,1083,2572157,3114661,2420870,9961,13978,9617
ILE-DE-FRANCE,PARIS,75 120,PARIS,2140526,10175,1199,1107,1150,2531889,2822834,2289596,9257,11637,8380
ILE-DE-FRANCE,SEINE-ET-MARNE,77 058,BUSSY ST GEORGES,1421735,2970,85,1154,71,2440053,2580582,2451901,8980,9704,8405
ILE-DE-FRANCE,SEINE-ET-MARNE,77 108,CHELLES,1421735,2970,133,78,125,2238734,2484073,2228244,7978,8837,8599
ILE-DE-FRANCE,SEINE-ET-MARNE,77 243,LAGNY SUR MARNE,1421735,2970,96,132,95,3168705,2441966,3119245,11515,8487,12050
ILE-DE-FRANCE,SEINE-ET-MARNE,77 284,MEAUX,1421735,2970,132,92,134,2425275,2276834,2428061,9863,8674,10060
ILE-DE-FRANCE,SEINE-ET-MARNE,77 288,MELUN,1421735,2970,105,130,116,2759449,3175596,2605514,12051,11012,10909
ILE-DE-FRANCE,SEINE-ET-MARNE,77 350,OZOIR LA FERRIERE,1421735,2970,92,113,81,2641116,2456867,2641696,11815,9970,12326
ILE-DE-FRANCE,SEINE-ET-MARNE,77 373,PONTAULT COMBAULT,1421735,2970,75,70,65,2162208,2657419,2126701,8218,11848,7972
ILE-DE-FRANCE,SEINE-SAINT-DENIS,93 005,AULNAY SOUS BOIS,1654477,3813,159,166,156,2311056,2179222,2290518,8053,8347,9135
ILE-DE-FRANCE,SEINE-SAINT-DENIS,93 006,BAGNOLET,1654477,3813,64,60,59,2263788,2267486,2155137,7588,8545,6846
ILE-DE-FRANCE,SEINE-SAINT-DENIS,93 029,DRANCY,1654477,3813,86,91,89,2337646,2157954,2293228,9115,6587,9742
ILE-DE-FRANCE,SEINE-SAINT-DENIS,93 031,EPINAY SUR SEINE,1654477,3813,53,57,56,2191916,2300622,2039594,7754,8952,6799
ILE-DE-FRANCE,SEINE-SAINT-DENIS,93 032,GAGNY,1654477,3813,118,123,120,2305261,2065619,2196125,7310,6669,7463
ILE-DE-FRANCE,SEINE-SAINT-DENIS,93 045,LES LILAS,1654477,3813,145,130,125,2822833,2252710,2694982,15409,7462,14602
ILE-DE-FRANCE,SEINE-SAINT-DENIS,93 057,LES PAVILLONS SOUS BOIS,1654477,3813,80,76,86,2208801,2736750,2166660,8266,14755,7704
ILE-DE-FRANCE,SEINE-SAINT-DENIS,93 046,LIVRY GARGAN,1654477,3813,106,55,103,2130236,2137608,2077160,7990,7483,7673
ILE-DE-FRANCE,SEINE-SAINT-DENIS,93 048,MONTREUIL SOUS BOIS,1654477,3813,262,254,231,2383076,2249321,2316897,9726,9450,8980
ILE-DE-FRANCE,SEINE-SAINT-DENIS,93 049,NEUILLY PLAISANCE,1654477,3813,75,76,73,2141589,2335600,2005848,7660,9368,6444
ILE-DE-FRANCE,SEINE-SAINT-DENIS,93 051,NOISY LE GRAND,1654477,3813,163,159,147,2451070,2128626,2255327,11762,6980,9740
ILE-DE-FRANCE,SEINE-SAINT-DENIS,93 053,NOISY LE SEC,1654477,3813,53,58,60,2264596,2220114,2253343,8980,9020,8951
ILE-DE-FRANCE,SEINE-SAINT-DENIS,93 055,PANTIN,1654477,3813,78,84,82,2182609,2297011,2117467,8257,9449,8109
ILE-DE-FRANCE,SEINE-SAINT-DENIS,93 064,ROSNY SOUS BOIS,1654477,3813,86,93,90,2155388,2150452,2088549,7582,7895,7168
ILE-DE-FRANCE,SEINE-SAINT-DENIS,93 066,SAINT DENIS,1654477,3813,51,55,55,2399702,2125208,2190930,10191,7503,7825
ILE-DE-FRANCE,SEINE-SAINT-DENIS,93 070,SAINT OUEN,1654477,3813,75,64,63,2184032,2312350,2060311,8255,8865,7240
ILE-DE-FRANCE,SEINE-SAINT-DENIS,93 077,VILLEMOMBLE,1654477,3813,188,198,188,2628013,2166351,2386218,10178,8150,8543
ILE-DE-FRANCE,VAL-D'OISE,95 018,ARGENTEUIL,1243921,3103,137,141,134,2506511,2410075,2537354,9330,9094,9626
ILE-DE-FRANCE,VAL-D'OISE,95 127,CERGY,1243921,3103,93,95,89,2073667,2598947,2106138,6496,9466,6881
ILE-DE-FRANCE,VAL-D'OISE,95 176,CORMEILLES EN PARISIS,1243921,3103,126,127,128,2142129,2117932,2233429,7694,6813,8575
ILE-DE-FRANCE,VAL-D'OISE,95 197,DEUIL LA BARRE,1243921,3103,113,117,113,2150035,2231335,2042633,7416,8228,7017
ILE-DE-FRANCE,VAL-D'OISE,95 203,EAUBONNE,1243921,3103,136,135,138,2116810,2013874,2095285,7395,6812,7197
ILE-DE-FRANCE,VAL-D'OISE,95 219,ERMONT,1243921,3103,97,100,102,2105383,2149135,2025564,6866,7603,6699
ILE-DE-FRANCE,VAL-D'OISE,95 252,FRANCONVILLE,1243921,3103,58,59,52,3675783,2101601,2956887,10441,7287,13975
ILE-DE-FRANCE,VAL-D'OISE,95 306,HERBLAY,1243921,3103,115,111,112,2285068,2981582,2324774,8953,13025,9485
ILE-DE-FRANCE,VAL-D'OISE,95 428,MONTMORENCY,1243921,3103,312,312,308,3284745,2312584,2643998,12998,9663,11522
ILE-DE-FRANCE,VAL-D'OISE,95 500,PONTOISE,1243921,3103,98,106,102,2469707,2960647,2399749,9528,15391,9531
ILE-DE-FRANCE,VAL-D'OISE,95 582,SANNOIS,1243921,3103,78,77,79,2384576,2470605,2375769,7886,9355,8445
ILE-DE-FRANCE,VAL-D'OISE,95 555,ST GRATIEN,1243921,3103,129,133,121,2521183,2483845,2385216,9333,8764,8012
ILE-DE-FRANCE,VAL-D'OISE,95 607,TAVERNY,1243921,3103,82,98,95,2136790,2479491,2098600,7838,8675,7400
ILE-DE-FRANCE,VAL-DE-MARNE,94 002,ALFORTVILLE,1395209,4925,78,162,73,2146878,2146665,2187458,7735,8030,8537
ILE-DE-FRANCE,VAL-DE-MARNE,94 016,CACHAN,1395209,4925,166,166,153,2347531,2212446,2199390,7601,6503,6802
ILE-DE-FRANCE,VAL-DE-MARNE,94 017,CHAMPIGNY SUR MARNE,1395209,4925,161,459,160,2536146,2469622,2423242,10167,9532,9516
ILE-DE-FRANCE,VAL-DE-MARNE,94 018,CHARENTON LE PONT,1395209,4925,475,76,433,2363337,2368375,2377743,8610,8757,8827
ILE-DE-FRANCE,VAL-DE-MARNE,94 022,CHOISY LE ROI,1395209,4925,77,240,78,2423825,2433221,2414415,9593,9743,10703
ILE-DE-FRANCE,VAL-DE-MARNE,94 028,CRETEIL,1395209,4925,244,607,229,2171684,2176340,2212340,7142,7050,7525
ILE-DE-FRANCE,VAL-DE-MARNE,94 033,FONTENAY SOUS BOIS,1395209,4925,607,58,584,2787057,2712968,2661493,11184,10622,10536
ILE-DE-FRANCE,VAL-DE-MARNE,94 034,FRESNES,1395209,4925,64,109,57,2201585,2449486,2398728,7492,8416,8550
ILE-DE-FRANCE,VAL-DE-MARNE,94 041,IVRY SUR SEINE,1395209,4925,114,207,110,2134149,2130106,2613595,7221,7257,7151
ILE-DE-FRANCE,VAL-DE-MARNE,94 038,L'HAY LES ROSES,1395209,4925,199,67,206,2164239,2174588,2171086,7552,7726,7400
ILE-DE-FRANCE,VAL-DE-MARNE,94 043,LE KREMLIN BICETRE,1395209,4925,66,449,62,2022728,2021008,2096896,6069,6146,6973
ILE-DE-FRANCE,VAL-DE-MARNE,94 058,LE PERREUX SUR MARNE,1395209,4925,464,314,442,2408563,2425146,2366705,8765,8853,9074
ILE-DE-FRANCE,VAL-DE-MARNE,94 046,MAISONS ALFORT,1395209,4925,314,743,298,2380643,2220531,2191468,8114,8211,8138
ILE-DE-FRANCE,VAL-DE-MARNE,94 052,NOGENT SUR MARNE,1395209,4925,760,819,758,2844134,2851644,2779479,11372,11719,11364
ILE-DE-FRANCE,VAL-DE-MARNE,94 067,SAINT MANDE,1395209,4925,821,1656,823,2976369,2888445,2843223,13085,12287,12819
ILE-DE-FRANCE,VAL-DE-MARNE,94 068,SAINT MAUR DES FOSSES,1395209,4925,1678,196,1598,2697372,2676455,2630134,10709,10405,10314
ILE-DE-FRANCE,VAL-DE-MARNE,94 071,SUCY EN BRIE,1395209,4925,201,126,184,2259509,2255898,2255246,8335,8628,8423
ILE-DE-FRANCE,VAL-DE-MARNE,94 073,THIAIS,1395209,4925,133,109,130,2364987,2378028,2364339,9203,9534,9977
ILE-DE-FRANCE,VAL-DE-MARNE,94 076,VILLEJUIF,1395209,4925,110,86,102,2347383,2279457,2334687,8389,7610,8535
ILE-DE-FRANCE,VAL-DE-MARNE,94 079,VILLIERS SUR MARNE,1395209,4925,80,1048,87,2164832,2098991,2052699,7487,7230,6879
ILE-DE-FRANCE,VAL-DE-MARNE,94 080,VINCENNES,1395209,4925,1082,141,1010,2422250,2391257,2377323,9172,9006,9047
ILE-DE-FRANCE,VAL-DE-MARNE,94 081,VITRY SUR SEINE,1395209,4925,139,679,143,2155035,2134802,2076689,7228,7220,7010
ILE-DE-FRANCE,YVELINES,78 146,CHATOU,1436581,4426,702,114,663,2620758,2577209,2586083,11152,10223,10162
ILE-DE-FRANCE,YVELINES,78 172,CONFLANS-SAINTE-HONORINE,1436581,4426,115,73,105,2327748,2300550,2269020,8190,6952,7198
ILE-DE-FRANCE,YVELINES,78 208,ELANCOURT,1436581,4426,68,66,73,2042951,1956301,1922935,6343,6447,5811
ILE-DE-FRANCE,YVELINES,78 297,GUYANCOURT,1436581,4426,66,146,67,1948231,1966212,1905645,4879,5076,5047
ILE-DE-FRANCE,YVELINES,78 311,HOUILLES,1436581,4426,152,516,148,2068877,2029274,1995211,7120,6969,6578
ILE-DE-FRANCE,YVELINES,78 126,LA CELLE-SAINT-CLOUD,1436581,4426,520,708,523,2918023,2871095,2811431,11347,10999,11545
ILE-DE-FRANCE,YVELINES,78 158,LE CHESNAY,1436581,4426,744,639,716,2599059,2540678,2550252,10539,10360,10598
ILE-DE-FRANCE,YVELINES,78 358,MAISONS-LAFFITTE,1436581,4426,631,84,614,2571855,2521720,2469095,9763,9657,9511
ILE-DE-FRANCE,YVELINES,78 361,MANTES-LA-JOLIE,1436581,4426,91,130,84,2592839,2708168,2617945,11643,12515,12256
ILE-DE-FRANCE,YVELINES,78 423,MONTIGNY-LE-BRETONNEUX,1436581,4426,125,119,121,2054909,2047748,1964861,6484,6667,6173
ILE-DE-FRANCE,YVELINES,78 490,PLAISIR,1436581,4426,119,148,116,2322430,2264471,2346232,7536,7198,8108
ILE-DE-FRANCE,YVELINES,78 498,POISSY,1436581,4426,151,240,145,2255603,2300496,2217989,8424,8833,8505
ILE-DE-FRANCE,YVELINES,78 517,RAMBOUILLET,1436581,4426,246,1247,232,2395477,2499795,2427773,8503,8573,8954
ILE-DE-FRANCE,YVELINES,78 551,SAINT-GERMAIN-EN-LAYE,1436581,4426,1255,165,1222,2804097,2669465,2644865,11332,10595,10382
ILE-DE-FRANCE,YVELINES,78 586,SARTROUVILLE,1436581,4426,170,123,157,2170122,2116474,2117362,7289,7186,6924
ILE-DE-FRANCE,YVELINES,78 640,VELIZY-VILLACOUBLAY,1436581,4426,132,2611,124,2029017,2025187,1966286,6822,6185,5934
ILE-DE-FRANCE,YVELINES,78 646,VERSAILLES,1436581,4426,2728,95,2669,2851063,2730469,2683294,11761,11021,10976
MARTINIQUE,MARTINIQUE,97209,FORT DE FRANCE,364354,2231,85,61,93,3254545,3012660,2940263,14676,12284,11663
MARTINIQUE,MARTINIQUE,97229,SCHOELCHER,364354,2231,66,587,64,2797612,2694969,2746021,14089,12789,12361
NORMANDIE,CALVADOS,14 118,CAEN,691676,2263,581,138,578,2773858,2660391,2583494,11339,10085,10418
NORMANDIE,EURE,27 229,EVREUX,606419,1528,137,94,145,2478401,2355889,2374740,10847,8999,9007
NORMANDIE,EURE,27 681,VERNON,606419,1528,99,108,93,2168318,2223157,2129501,8027,7537,7249
NORMANDIE,MANCHE,50 129,CHERBOURG-EN-COTENTIN,492627,1569,162,57,106,2450622,2385829,2495888,8990,8369,9222
NORMANDIE,MANCHE,50 502,SAINT LO,492627,1569,57,83,52,2421166,2331798,2312265,7810,6723,6332
NORMANDIE,ORNE,61 001,ALENCON,279755,1140,82,105,78,2333240,2271506,2331616,9328,8844,8830
NORMANDIE,SEINE-MARITIME,76 217,DIEPPE,1248590,1730,102,377,102,2195137,2207691,2194265,7666,8046,7794
NORMANDIE,SEINE-MARITIME,76 351,LE HAVRE,1248590,1730,390,542,375,2503817,2482157,2472683,9636,9594,10021
NORMANDIE,SEINE-MARITIME,76 540,ROUEN,1248590,1730,518,138,537,2483610,2443616,2385454,9602,9803,9195
NOUVELLE-AQUITAINE,CHARENTE,16 015,ANGOULEME,350240,1156,137,606,142,2611329,2559151,2484784,9949,9297,8786
NOUVELLE-AQUITAINE,CHARENTE-MARITIME,17 300,LA ROCHELLE,646016,2854,619,53,577,2585756,2565847,2545694,10248,10103,10099
NOUVELLE-AQUITAINE,CHARENTE-MARITIME,17 299,ROCHEFORT,646016,2854,52,108,53,2328288,2272479,2166622,8243,7828,7455
NOUVELLE-AQUITAINE,CHARENTE-MARITIME,17 415,SAINTES,646016,2854,112,228,102,2513451,2368977,2265040,10671,9109,8286
NOUVELLE-AQUITAINE,CORREZE,19 031,BRIVE,240973,1106,228,219,222,2692768,2642704,2507783,11931,11166,10117
NOUVELLE-AQUITAINE,DEUX-SEVRES,79 191,NIORT,374873,1173,222,114,215,2811166,2927993,2891679,10774,12868,12812
NOUVELLE-AQUITAINE,DORDOGNE,24 037,BERGERAC,409548,1358,120,109,113,2091398,2010692,2057581,7247,6324,7043
NOUVELLE-AQUITAINE,DORDOGNE,24 322,PERIGUEUX,409548,1358,110,2570,109,2457359,2244538,2337488,9708,9057,10408
NOUVELLE-AQUITAINE,GIRONDE,33 063,BORDEAUX,1620243,3542,2669,93,2433,2763813,2696111,2668292,11027,10564,10657
NOUVELLE-AQUITAINE,GIRONDE,33 162,EYSINES,1620243,3542,100,166,88,2219534,2185240,2250294,7336,7820,7674
NOUVELLE-AQUITAINE,GIRONDE,33 192,GRADIGNAN,1620243,3542,166,90,153,2400908,2339027,2430869,8625,8624,8807
NOUVELLE-AQUITAINE,GIRONDE,33 199,GUJAN-MESTRAS,1620243,3542,102,312,84,2312495,2173303,2146899,8765,7201,7007
NOUVELLE-AQUITAINE,GIRONDE,33 529,LA TESTE DE BUCH,1620243,3542,332,339,283,2479844,2451057,2456808,8859,8779,9610
NOUVELLE-AQUITAINE,GIRONDE,33 069,LE BOUSCAT,1620243,3542,363,125,321,3334865,3249561,3292752,12133,11346,11165
NOUVELLE-AQUITAINE,GIRONDE,33 243,LIBOURNE,1620243,3542,125,279,132,2600354,2592217,2492470,8958,9164,9993
NOUVELLE-AQUITAINE,GIRONDE,33 281,MERIGNAC,1620243,3542,293,250,271,2387351,2367357,2333722,9093,9228,9168
NOUVELLE-AQUITAINE,GIRONDE,33 318,PESSAC,1620243,3542,266,107,235,2335014,2311019,2308687,8610,8414,8206
NOUVELLE-AQUITAINE,GIRONDE,33 449,SAINT-MEDARD-EN-JALLES,1620243,3542,110,190,101,2325787,2211286,2188422,8014,6839,7044
NOUVELLE-AQUITAINE,GIRONDE,33 522,TALENCE,1620243,3542,196,92,184,2485543,2465819,2484965,10985,10771,9372
NOUVELLE-AQUITAINE,GIRONDE,33 550,VILLENAVE-D'ORNON,1620243,3542,93,502,89,2196370,2138463,2869742,7914,7367,7824
NOUVELLE-AQUITAINE,HAUTE-VIENNE,87 085,LIMOGES,371575,1263,500,98,490,3118850,3128047,3049419,12400,12322,12831
NOUVELLE-AQUITAINE,LANDES,40 088,DAX,409325,2370,105,95,106,2639766,2636109,2641614,9699,9964,11152
NOUVELLE-AQUITAINE,LANDES,40 192,MONT-DE-MARSAN,409325,2370,91,121,94,2325564,2304461,2243897,8761,8414,7702
NOUVELLE-AQUITAINE,LOT-ET-GARONNE,47 001,AGEN,330159,1145,119,65,109,2647385,2478955,2519387,10766,9402,10499
NOUVELLE-AQUITAINE,LOT-ET-GARONNE,47 323,VILLENEUVE SUR LOT,330159,1145,62,434,70,2318727,2357059,2376359,8744,9153,9232
NOUVELLE-AQUITAINE,PYRENEES-ATLANTIQUES,64 024,ANGLET,679354,2894,467,261,403,2491208,2409641,2410708,9360,8711,9381
NOUVELLE-AQUITAINE,PYRENEES-ATLANTIQUES,64 102,BAYONNE,679354,2894,269,583,263,2609393,2585029,2486124,10926,11056,10693
NOUVELLE-AQUITAINE,PYRENEES-ATLANTIQUES,64 122,BIARRITZ,679354,2894,612,440,545,2529373,2548222,2475343,9808,10408,9988
NOUVELLE-AQUITAINE,PYRENEES-ATLANTIQUES,64 445,PAU,679354,2894,451,89,445,2395498,2346840,2568859,9181,8869,8411
NOUVELLE-AQUITAINE,VIENNE,86 066,CHATELLERAULT,437368,1493,92,313,80,2545732,2378549,2387976,9396,8593,9178
NOUVELLE-AQUITAINE,VIENNE,86 194,POITIERS,437368,1493,310,147,306,2543188,2567203,2553645,9671,9532,9803
OCCITANIE,AUDE,11 069,CARCASSONNE,368011,1652,155,183,138,2382226,2357346,2310152,9982,8965,9098
OCCITANIE,AUDE,11 262,NARBONNE,368011,1652,176,71,168,2349912,2384717,2408427,8459,8693,8930
OCCITANIE,AVEYRON,12 145,MILLAU,277900,1384,72,149,65,2916430,2585696,2730494,15312,10793,11983
OCCITANIE,AVEYRON,12 202,RODEZ,277900,1384,147,128,147,2465113,2337404,2324394,10379,8757,9554
OCCITANIE,GARD,30 007,ALES,745756,1963,124,704,123,2321344,2276871,2268568,8616,7960,7670
OCCITANIE,GARD,30 189,NIMES,745756,1963,701,88,698,2424816,2428304,2371829,9194,9560,9248
OCCITANIE,GERS,32 013,AUCH,189326,1266,82,102,86,2140698,2091004,2141574,6939,6132,6567
OCCITANIE,HAUTE-GARONNE,31 069,BLAGNAC,1390496,2849,101,98,97,2467963,2451425,2323229,9413,9507,8447
OCCITANIE,HAUTE-GARONNE,31 149,COLOMIERS,1390496,2849,101,88,94,2124628,2149367,2098213,5959,6199,5912
OCCITANIE,HAUTE-GARONNE,31 395,MURET,1390496,2849,91,2794,85,2439522,2396227,2449009,8519,8338,7352
OCCITANIE,HAUTE-GARONNE,31 555,TOULOUSE,1390496,2849,2904,182,2727,2531817,2499551,2475766,9749,9595,9492
OCCITANIE,HAUTE-GARONNE,31 557,TOURNEFEUILLE,1390496,2849,197,98,176,2595245,2534656,2516696,9466,8988,8584
OCCITANIE,HAUTES-PYRENEES,65 440,TARBES,225219,1512,102,184,88,2332097,2247981,2221677,7876,7587,8770
OCCITANIE,HERAULT,34 003,AGDE,1165412,2684,179,288,178,2284252,2270043,2172358,8572,8397,7388
OCCITANIE,HERAULT,34 032,BEZIERS,1165412,2684,289,50,286,2672889,2620669,2645211,11112,10757,10728
OCCITANIE,HERAULT,34 108,FRONTIGNAN,1165412,2684,52,60,52,2290860,2248046,2152425,8468,8840,8887
OCCITANIE,HERAULT,34 145,LUNEL,1165412,2684,63,1208,57,2253801,2274644,2269234,7317,8004,7926
OCCITANIE,HERAULT,34 172,MONTPELLIER,1165412,2684,1218,240,1149,2516789,2502696,2490998,8822,8844,9484
OCCITANIE,HERAULT,34 301,SETE,1165412,2684,249,74,232,2590709,2542294,2494031,8826,9183,8829
OCCITANIE,LOT,46 042,CAHORS,171770,1230,82,487,70,2377561,2240644,2115266,8909,8460,7963
OCCITANIE,PYRENEES-ORIENTALES,66 136,PERPIGNAN,481691,1894,502,208,488,2536052,2457855,2481145,9287,9264,9919
OCCITANIE,TARN,81 004,ALBI,387638,1412,209,142,199,2382995,2360511,2294897,8558,8287,8356
OCCITANIE,TARN,81 065,CASTRES,387638,1412,149,245,142,2329801,2285179,2276287,7022,7627,7373
OCCITANIE,TARN-ET-GARONNE,82 121,MONTAUBAN,261558,1292,257,2191,235,2584540,2608026,2572023,10394,10377,10048
PAYS DE LA LOIRE,LOIRE-ATLANTIQUE,44 109,NANTES,1425592,3050,2188,182,2084,2769962,2702279,2669574,10459,9869,9709
PAYS DE LA LOIRE,LOIRE-ATLANTIQUE,44 114,ORVAULT,1425592,3050,179,81,177,2657146,2394979,2343634,8361,9236,8896
PAYS DE LA LOIRE,LOIRE-ATLANTIQUE,44 143,REZE,1425592,3050,78,80,77,2135667,2105216,2093102,6488,6364,6779
PAYS DE LA LOIRE,LOIRE-ATLANTIQUE,44 162,ST HERBLAIN,1425592,3050,83,189,87,2621292,2521282,2506800,8211,6757,8810
PAYS DE LA LOIRE,LOIRE-ATLANTIQUE,44 184,ST NAZAIRE,1425592,3050,181,92,179,2411712,2330639,2271747,11006,7193,6625
PAYS DE LA LOIRE,LOIRE-ATLANTIQUE,44 190,ST SEBASTIEN SUR LOIRE,1425592,3050,96,180,90,2396001,2391317,2252507,9605,9901,9201
PAYS DE LA LOIRE,LOIRE-ATLANTIQUE,44 215,VERTOU,1425592,3050,187,664,167,2602291,2566815,2533936,7052,7332,7777
PAYS DE LA LOIRE,MAINE-ET-LOIRE,49 007,ANGERS,815325,1849,671,191,625,2474303,2431893,2407380,8942,8934,8777
PAYS DE LA LOIRE,MAINE-ET-LOIRE,49 099,CHOLET,815325,1849,196,120,185,2490956,2415074,2392281,9513,8968,8776
PAYS DE LA LOIRE,MAINE-ET-LOIRE,49 328,SAUMUR,815325,1849,120,218,117,2488720,2502978,2509972,7582,8373,8831
PAYS DE LA LOIRE,MAYENNE,53 130,LAVAL,305021,1319,213,534,219,3033284,2924081,2801511,12238,12579,12506
PAYS DE LA LOIRE,SARTHE,72 181,LE MANS,561583,1281,550,171,517,2677459,2620284,2552260,10714,10374,9621
PAYS DE LA LOIRE,VENDEE,85 191,LA ROCHE SUR YON,679024,2354,174,131,171,2668694,2556033,2522725,10713,10610,10251
PROVENCE-ALPES-COTE D'AZUR,ALPES-DE-HAUTE-PROVENCE,04 112,MANOSQUE,161980,1637,127,980,135,2587327,2495626,2438748,12326,11893,11707
PROVENCE-ALPES-COTE D'AZUR,ALPES-MARITIMES,06 004,ANTIBES,1080899,4097,1019,399,946,2545847,2552434,2535597,9943,10386,10174
PROVENCE-ALPES-COTE D'AZUR,ALPES-MARITIMES,06 027,CAGNES SUR MER,1080899,4097,407,1497,386,2309780,2240990,2232024,8697,8382,8788
PROVENCE-ALPES-COTE D'AZUR,ALPES-MARITIMES,06 029,CANNES,1080899,4097,1511,330,1492,3227873,3092358,3080078,14476,14090,13644
PROVENCE-ALPES-COTE D'AZUR,ALPES-MARITIMES,06 069,GRASSE,1080899,4097,323,382,333,2467098,2426589,2434024,10536,10225,10173
PROVENCE-ALPES-COTE D'AZUR,ALPES-MARITIMES,06 030,LE CANNET,1080899,4097,382,353,371,2550895,2545566,2590332,11391,10863,11034
PROVENCE-ALPES-COTE D'AZUR,ALPES-MARITIMES,06 079,MANDELIEU LA NAPOULE,1080899,4097,354,224,353,2405839,2400587,2361583,9718,9914,9514
PROVENCE-ALPES-COTE D'AZUR,ALPES-MARITIMES,06 083,MENTON,1080899,4097,225,578,217,2269107,2245749,2296533,8040,8251,8186
PROVENCE-ALPES-COTE D'AZUR,ALPES-MARITIMES,06 900,MONACO,1080899,4097,590,3064,558,3847898,3881018,3835626,25669,27094,26789
PROVENCE-ALPES-COTE D'AZUR,ALPES-MARITIMES,06 088,NICE,1080899,4097,3118,212,2973,2610132,2553795,2573620,10877,10512,10366
PROVENCE-ALPES-COTE D'AZUR,ALPES-MARITIMES,06 123,SAINT LAURENT DU VAR,1080899,4097,212,335,202,2365713,2325974,2281757,9871,9927,9314
PROVENCE-ALPES-COTE D'AZUR,ALPES-MARITIMES,06 155,VALLAURIS,1080899,4097,337,1931,331,2571626,2578578,2465347,10910,10829,9805
PROVENCE-ALPES-COTE D'AZUR,BOUCHES-DU-RHONE,13 001,AIX EN PROVENCE,2035410,2809,1959,123,1872,2807145,2802329,2734938,10666,10790,10692
PROVENCE-ALPES-COTE D'AZUR,BOUCHES-DU-RHONE,13 002,ALLAUCH,2035410,2809,129,191,127,2376183,2360918,2236012,10264,8769,8691
PROVENCE-ALPES-COTE D'AZUR,BOUCHES-DU-RHONE,13 004,ARLES,2035410,2809,198,230,193,2448116,2407502,2350865,9451,9620,9245
PROVENCE-ALPES-COTE D'AZUR,BOUCHES-DU-RHONE,13 005,AUBAGNE,2035410,2809,236,69,231,2444431,2415144,2381830,9474,9116,10096
PROVENCE-ALPES-COTE D'AZUR,BOUCHES-DU-RHONE,13 047,ISTRES,2035410,2809,70,267,70,2646607,2813552,2785242,9034,9517,13094
PROVENCE-ALPES-COTE D'AZUR,BOUCHES-DU-RHONE,13 028,LA CIOTAT,2035410,2809,279,75,254,2441527,2373553,2307355,9311,9071,8537
PROVENCE-ALPES-COTE D'AZUR,BOUCHES-DU-RHONE,13 071,LES PENNES MIRABEAU,2035410,2809,71,70,70,2334144,2257535,2234188,6791,6424,6343
PROVENCE-ALPES-COTE D'AZUR,BOUCHES-DU-RHONE,13 054,MARIGNANE,2035410,2809,71,3898,73,2333634,2248672,2153460,9325,8333,7715
PROVENCE-ALPES-COTE D'AZUR,BOUCHES-DU-RHONE,13 055,MARSEILLE,2035410,2809,3972,97,3821,2814098,2723179,2655857,11100,10546,10289
PROVENCE-ALPES-COTE D'AZUR,BOUCHES-DU-RHONE,13 056,MARTIGUES,2035410,2809,103,167,96,2184086,2180432,2114240,6985,7513,7122
PROVENCE-ALPES-COTE D'AZUR,BOUCHES-DU-RHONE,13 103,SALON DE PROVENCE,2035410,2809,167,214,162,2234631,2217513,2153885,8743,8509,7962
PROVENCE-ALPES-COTE D'AZUR,HAUTES-ALPES,05 061,GAP,141784,2255,222,206,205,2365217,2380851,2320903,7881,7916,7325
PROVENCE-ALPES-COTE D'AZUR,VAR,83 050,DRAGUIGNAN,1075649,3305,207,395,201,2277359,2208791,2192573,8632,8065,7977
PROVENCE-ALPES-COTE D'AZUR,VAR,83 061,FREJUS,1075649,3305,400,558,381,2349882,2386297,2280267,8567,9931,9265
PROVENCE-ALPES-COTE D'AZUR,VAR,83 069,HYERES,1075649,3305,554,104,538,2372786,2396329,2327550,8956,8866,7944
PROVENCE-ALPES-COTE D'AZUR,VAR,83 062,LA GARDE,1075649,3305,102,173,94,2341742,2283782,2358219,8925,8228,8744
PROVENCE-ALPES-COTE D'AZUR,VAR,83 126,LA SEYNE SUR MER,1075649,3305,171,107,169,2131870,2099594,2022824,6719,6772,6895
PROVENCE-ALPES-COTE D'AZUR,VAR,83 144,LA VALETTE,1075649,3305,106,805,99,2110101,2070077,2021229,7625,7541,7043
PROVENCE-ALPES-COTE D'AZUR,VAR,83 118,SAINT-RAPHAEL,1075649,3305,823,255,769,2534470,2473368,2439980,9907,9886,9404
PROVENCE-ALPES-COTE D'AZUR,VAR,83 129,SIX-FOURS-LES-PLAGES,1075649,3305,259,697,245,2139974,2137655,2139582,7200,7349,7398
PROVENCE-ALPES-COTE D'AZUR,VAR,83 137,TOULON,1075649,3305,692,349,675,2413241,2416228,2396359,8991,8757,9359
PROVENCE-ALPES-COTE D'AZUR,VAUCLUSE,84 007,AVIGNON,563751,1869,341,136,347,2607636,2636183,2534420,10291,11013,9952
PROVENCE-ALPES-COTE D'AZUR,VAUCLUSE,84 031,CARPENTRAS,563751,1869,136,96,134,2759678,2692418,2677131,10449,9990,10291
PROVENCE-ALPES-COTE D'AZUR,VAUCLUSE,84 035,CAVAILLON,563751,1869,94,96,93,2329990,2315710,2306787,8960,8223,7785
PROVENCE-ALPES-COTE D'AZUR,VAUCLUSE,84 087,ORANGE,563751,1869,100,71,96,2232871,2231101,2210655,8973,8873,8010
LA REUNION,LA REUNION,97408,LA POSSESSION,414863,2020,80,524,74,2063527,2094079,2125650,7400,7101,7882
LA REUNION,LA REUNION,97411,SAINT DENIS,414863,2020,517,306,517,2530939,2483837,2452215,11143,10379,9900
LA REUNION,LA REUNION,97415,SAINT PAUL,414863,2020,318,155,289,2509763,2521704,2576042,9170,9712,10608
LA REUNION,LA REUNION,97416,SAINT PIERRE,414863,2020,166,74,164,2678032,2652221,2479504,10864,10650,9746
LA REUNION,LA REUNION,97418,SAINTE MARIE,414863,2020,74,144,69,2117078,2145892,2783420,8348,7666,9537